{
  "version": 1.0,
  "parts": [
    {
      "name": "left-ear",
      "color": "#5E2900",
      "vertices": [
        [
          -0.6,
          1.0
        ],
        [
          -0.3,
          1.3
        ],
        [
          -0.2,
          0.9
        ]
      ]
    },
    {
      "name": "right-ear",
      "color": "#5E2900",
      "vertices": [
        [
          0.6,
          1.0
        ],
        [
          0.3,
          1.3
        ],
        [
          0.2,
          0.9
        ]
      ]
    },
    {
      "name": "forehead",
      "color": "#F47C2C",
      "vertices": [
        [
          -0.2,
          0.9
        ],
        [
          0,
          0.6
        ],
        [
          0.2,
          0.9
        ],
        [
          0,
          0.3
        ]
      ]
    },
    {
      "name": "left-eye",
      "color": "#4A1F0F",
      "vertices": [
        [
          -0.2,
          0.3
        ],
        [
          -0.1,
          0.4
        ],
        [
          -0.15,
          0.1
        ]
      ]
    },
    {
      "name": "right-eye",
      "color": "#4A1F0F",
      "vertices": [
        [
          0.2,
          0.3
        ],
        [
          0.1,
          0.4
        ],
        [
          0.15,
          0.1
        ]
      ]
    },
    {
      "name": "nose",
      "color": "#1C0000",
      "vertices": [
        [
          -0.05,
          -0.1
        ],
        [
          0.05,
          -0.1
        ],
        [
          0,
          -0.2
        ]
      ]
    },
    {
      "name": "cheek-left",
      "color": "#F18A50",
      "vertices": [
        [
          -0.6,
          0.0
        ],
        [
          -0.2,
          0.2
        ],
        [
          -0.2,
          -0.1
        ],
        [
          -0.5,
          -0.2
        ]
      ]
    },
    {
      "name": "cheek-right",
      "color": "#F18A50",
      "vertices": [
        [
          0.6,
          0.0
        ],
        [
          0.2,
          0.2
        ],
        [
          0.2,
          -0.1
        ],
        [
          0.5,
          -0.2
        ]
      ]
    },
    {
      "name": "jaw-left",
      "color": "#E15A0E",
      "vertices": [
        [
          -0.2,
          -0.1
        ],
        [
          0,
          -0.4
        ],
        [
          -0.4,
          -0.5
        ]
      ]
    },
    {
      "name": "jaw-right",
      "color": "#E15A0E",
      "vertices": [
        [
          0.2,
          -0.1
        ],
        [
          0,
          -0.4
        ],
        [
          0.4,
          -0.5
        ]
      ]
    },
    {
      "name": "chin",
      "color": "#D1D3D4",
      "vertices": [
        [
          -0.1,
          -0.5
        ],
        [
          0.1,
          -0.5
        ],
        [
          0,
          -0.6
        ]
      ]
    }
  ]
}